{
    "type": "filament",
    "filament_id": "GFL99",
    "setting_id": "GFSA04",
    "name": "T250 Generic PLA",
    "from": "system",
    "instantiation": "true",
    "compatible_printers": [
        "T250 0.5 nozzle"
    ],
    "filament_type": [
        "PLA"
    ],
    "filament_vendor": [
        "Generic"
    ],
    "filament_soluble": [
        "0"
    ],
    "required_nozzle_HRC": [
        "0"
    ],
    "filament_diameter": [
        "1.75"
    ],
    "filament_density": [
        "1.24"
    ],
    "filament_cost": [
        "9"
    ],
    "temperature_vitrification": [
        "60"
    ],
    "nozzle_temperature_range_low": [
        "190"
    ],
    "nozzle_temperature_range_high": [
        "230"
    ],
    "filament_flow_ratio": [
        "1.0185"
    ],
    "enable_pressure_advance": [
        "1"
    ],
    "pressure_advance": [
        "0.021"
    ],
    "nozzle_temperature_initial_layer": [
        "200"
    ],
    "nozzle_temperature": [
        "200"
    ],
    "hot_plate_temp": [
        "60"
    ],
    "hot_plate_temp_initial_layer": [
        "60"
    ],
    "filament_max_volumetric_speed": [
        "50"
    ],
    "close_fan_the_first_x_layers": [
        "1"
    ],
    "full_fan_speed_layer": [
        "0"
    ],
    "fan_min_speed": [
        "20"
    ],
    "dont_slow_down_outer_wall": [
        "1"
    ],
    "fan_cooling_layer_time": [
        "100"
    ],
    "fan_max_speed": [
        "40"
    ],
    "slow_down_layer_time": [
        "2.7"
    ],
    "slow_down_for_layer_cooling": [
        "0"
    ],
    "slow_down_min_speed": [
        "5"
    ],
    "overhang_fan_threshold": [
        "50%"
    ],
    "overhang_fan_speed": [
        "40"
    ],
    "additional_cooling_fan_speed": [
        "70"
    ],
    "reduce_fan_stop_start_freq": [
        "1"
    ],
    "filament_start_gcode": [
        "; filament start gcode\n"
    ],
    "filament_end_gcode": [
        "; filament end gcode \n"
    ],
    "filament_deretraction_speed": [
        "nil"
    ],
    "filament_minimal_purge_on_wipe_tower": [
        "15"
    ],
    "filament_retraction_minimum_travel": [
        "nil"
    ],
    "filament_retract_before_wipe": [
        "nil"
    ],
    "filament_retract_when_changing_layer": [
        "nil"
    ],
    "filament_retraction_length": [
        "nil"
    ],
    "filament_z_hop": [
        "nil"
    ],
    "filament_z_hop_types": [
        "nil"
    ],
    "filament_retract_restart_extra": [
        "nil"
    ],
    "filament_retraction_speed": [
        "nil"
    ],
    "filament_settings_id": [
        ""
    ],
    "filament_wipe": [
        "nil"
    ],
    "filament_wipe_distance": [
        "nil"
    ]
}