{
    "type": "process",
    "setting_id": "GP005",
    "name": "0.25mm Draft @T250",
    "from": "system",
    "instantiation": "true",
    "inherits": "T250_fdm_process_common",

    "layer_height": "0.25",
    "initial_layer_print_height": "0.25",

    "line_width": "0.52",
    "initial_layer_line_width": "0.58",
    "outer_wall_line_width": "0.6",
    "inner_wall_line_width": "0.45",
    "top_surface_line_width": "0.52",
    "sparse_infill_line_width": "0.55",
    "internal_solid_infill_line_width": "0.55",
    "support_line_width": "0.55",

    "seam_position": "aligned",
    "seam_gap": "6%",

    "enable_arc_fitting": "0",

    "bottom_shell_layers": "3",
    "top_shell_layers": "4",

    "initial_layer_speed": "120",
    "initial_layer_infill_speed": "120",

    "outer_wall_speed": "240",
    "inner_wall_speed": "300",

    "sparse_infill_speed": "300",
    "internal_solid_infill_speed": "300",
    "top_surface_speed": "240",
    "gap_infill_speed": "300",
    "support_speed": "150",

    "default_acceleration": "40000",
    "outer_wall_acceleration": "22000",
    "inner_wall_acceleration": "40000",

    "initial_layer_acceleration": "2000",
    "top_surface_acceleration": "20000",
    "travel_acceleration": "40000",
    "accel_to_decel_enable": "0",

    "default_jerk": "18",
    "inner_wall_jerk": "35",
    "outer_wall_jerk": "18",
    "top_surface_jerk": "18",
    "infill_jerk": "60",
    "initial_layer_jerk": "1",
    "travel_jerk": "60",
    
    "max_volumetric_extrusion_rate_slope": "300",
    
    "precise_outer_wall": "1",
    "raft_first_layer_expansion": "3",
    "seam_slope_conditional": "1",
    "seam_slope_steps": "10",
    "sparse_infill_pattern": "grid",
    "support_type": "tree(auto)",
    "tree_support_branch_diameter": "2"
}
