{
  "type": "process",
  "name": "T250_fdm_process_common",
  "from": "system",
  "instantiation": "false",
  "adaptive_layer_height": "0",
  "reduce_crossing_wall": "0",
  "max_travel_detour_distance": "0",
  "bottom_surface_pattern": "monotonic",
  "bottom_shell_layers": "3",
  "bottom_shell_thickness": "0",
  "bridge_flow": "0.95",
  "bridge_speed": "150",
  "internal_bridge_speed": "100%",
  "brim_width": "5",
  "brim_object_gap": "0.1",
  "compatible_printers_condition": "",
  "print_sequence": "by layer",
  "default_acceleration": "10000",
  "top_surface_acceleration": "5000",
  "travel_acceleration": "20000",
  "inner_wall_acceleration": "10000",
  "outer_wall_acceleration": "5000",
  "bridge_no_support": "0",
  "draft_shield": "disabled",
  "elefant_foot_compensation": "0.1",
  "enable_arc_fitting": "1",
  "outer_wall_line_width": "0.42",
  "wall_infill_order": "inner wall/outer wall/infill",
  "line_width": "0.42",
  "infill_direction": "45",
  "sparse_infill_density": "15%",
  "sparse_infill_pattern": "crosshatch",
  "initial_layer_acceleration": "5000",
  "initial_layer_line_width": "0.5",
  "initial_layer_print_height": "0.2",
  "infill_combination": "0",
  "sparse_infill_line_width": "0.45",
  "infill_wall_overlap": "25%",
  "interface_shells": "0",
  "ironing_flow": "10%",
  "ironing_spacing": "0.15",
  "ironing_speed": "30",
  "ironing_type": "no ironing",
  "layer_height": "0.2",
  "reduce_infill_retraction": "1",
  "filename_format": "{input_filename_base}_{filament_type[initial_tool]}_{print_time}.gcode",
  "detect_overhang_wall": "1",
  "overhang_1_4_speed": "0",
  "overhang_2_4_speed": "120",
  "overhang_3_4_speed": "80",
  "overhang_4_4_speed": "30",
  "inner_wall_line_width": "0.45",
  "wall_loops": "3",
  "print_settings_id": "",
  "raft_layers": "0",
  "seam_position": "nearest",
  "seam_gap": "2%",
  "skirt_distance": "2",
  "skirt_height": "1",
  "skirt_loops": "1",
  "minimum_sparse_infill_area": "15",
  "internal_solid_infill_line_width": "0.42",
  "spiral_mode": "0",
  "standby_temperature_delta": "-5",
  "enable_support": "0",
  "resolution": "0.012",
  "support_type": "normal(auto)",
  "support_style": "default",
  "support_on_build_plate_only": "0",
  "support_top_z_distance": "0.2",
  "support_filament": "0",
  "support_line_width": "0.42",
  "support_interface_loop_pattern": "0",
  "support_interface_filament": "0",
  "support_interface_top_layers": "2",
  "support_interface_bottom_layers": "2",
  "support_interface_spacing": "0.5",
  "support_interface_speed": "80",
  "support_base_pattern": "rectilinear",
  "support_base_pattern_spacing": "2.5",
  "support_speed": "150",
  "support_threshold_angle": "30",
  "support_object_xy_distance": "0.35",
  "tree_support_branch_angle": "45",
  "tree_support_wall_count": "0",
  "detect_thin_wall": "0",
  "top_surface_pattern": "monotonicline",
  "top_surface_line_width": "0.42",
  "top_shell_layers": "3",
  "top_shell_thickness": "0.8",
  "initial_layer_speed": "120",
  "initial_layer_infill_speed": "120",
  "outer_wall_speed": "200",
  "inner_wall_speed": "250",
  "internal_solid_infill_speed": "250",
  "top_surface_speed": "200",
  "gap_infill_speed": "250",
  "sparse_infill_speed": "250",
  "travel_speed": "800",
  "enable_prime_tower": "0",
  "wipe_tower_no_sparse_layers": "0",
  "prime_tower_width": "60",
  "xy_hole_compensation": "0.075",
  "xy_contour_compensation": "0",
  "exclude_object": "1",
  "compatible_printers": [
    "T250 0.4 nozzle",
    "T250 0.5 nozzle"
  ]
}