{
    "type": "machine",
    "name": "T250_machine_common",
    "from": "system",
    "instantiation": "false",
    "default_filament_profile": [
        "T250 Generic PLA"
    ],
    "default_print_profile": "0.12mm Fine @T250",
    "printable_area": [
        "0x0",
        "192x0",
        "192x212",
        "0x212"
    ],
    "printable_height": "170",
    "bed_exclude_area": [
        "0x0"
    ],
    "printer_structure": "corexy",
    "gcode_flavor": "klipper",
    "printer_technology": "FFF",
    "extruder_clearance_radius": "65",
    "extruder_clearance_height_to_rod": "36",
    "extruder_clearance_height_to_lid": "140",
    "auxiliary_fan": "1",
    "support_chamber_temp_control": "0",
    "support_air_filtration": "0",
    "machine_start_gcode": "M190 S[bed_temperature_initial_layer_single]\nM109 S[nozzle_temperature_initial_layer]\nPRINT_START EXTRUDER=[nozzle_temperature_initial_layer] BED=[bed_temperature_initial_layer_single] PRINT_MIN={first_layer_print_min[0]},{first_layer_print_min[1]} PRINT_MAX={first_layer_print_max[0]},{first_layer_print_max[1]}",
    "machine_end_gcode": "PRINT_END",
    "before_layer_change_gcode": ";BEFORE_LAYER_CHANGE\n;[layer_z]\nG92 E0\n",
    "layer_change_gcode": ";AFTER_LAYER_CHANGE\n;[layer_z]",
    "machine_pause_gcode": "PAUSE",
    "extruder_offset": [
        "0x0"
    ],
    "retraction_length": [
        "0.75"
    ],
    "retract_restart_extra": [
        "0"
    ],
    "z_hop": [
        "0"
    ],
    "z_lift_type": "NormalLift",
    "retraction_speed": [
        "60"
    ],
    "deretraction_speed": [
        "60"
    ],
    "retraction_minimum_travel": [
        "1"
    ],
    "retract_when_changing_layer": [
        "0"
    ],
    "wipe": [
        "0"
    ],
    "retract_before_wipe": [
        "70%"
    ],
    "retract_length_toolchange": [
        "2"
    ],
    "retract_restart_extra_toolchange": [
        "0"
    ],
    "machine_max_speed_x": [
        "4000"
    ],
    "machine_max_speed_y": [
        "4000"
    ],
    "machine_max_speed_z": [
        "50"
    ],
    "machine_max_speed_e": [
        "100"
    ],
    "machine_max_acceleration_x": [
        "500000"
    ],
    "machine_max_acceleration_y": [
        "500000"
    ],
    "machine_max_acceleration_z": [
        "4000"
    ],
    "machine_max_acceleration_e": [
        "20000"
    ],
    "machine_max_acceleration_extruding": [
        "500000"
    ],
    "machine_max_acceleration_retracting": [
        "10000"
    ],
    "machine_max_acceleration_travel": [
        "50000"
    ],
    "machine_max_jerk_x": [
        "1000"
    ],
    "machine_max_jerk_y": [
        "1000"
    ],
    "machine_max_jerk_z": [
        "1000"
    ],
    "machine_max_jerk_e": [
        "1000"
    ],
    "extruder_colour": [
        "#FCE94F"
    ],
    "silent_mode": "0",
    "machine_min_extruding_rate": [
        "0"
    ],
    "machine_min_travel_rate": [
        "0"
    ],
    "single_extruder_multi_material": "1",
    "change_filament_gcode": "",
    "scan_first_layer": "0",
    "nozzle_type": "undefine"
}